Year,ED_visits_rate,ED_visits_count,Hospitalization_rate,Hospitalization_count,Prescribing_MDs,Naloxone_distributed,OAT_prescribed,cough_prescribed,pain_prescribed_overall,pain_prescribed_new,all_prescribed,codeine_prescribed,codeine_combo_prescribed,fentanyl_prescribed,hydromorphone_prescribed,morphine_prescribed,other_opioid_prescribed,oxycodone_prescribed,oxy_combo_prescribed,tramadol_prescribed,SIS_visits,SIS_Ods,Deaths_rate,Deaths_count
2013,22.51666667,3051,12.325,1671,1506,0,45781,310827,1666964,0,2087964,50055,957153,34843,198090,105056,27431,74271,478989,162076,0,0,4.733333333,639
2014,24.46666667,3347,12.48333333,1706,1741,0,49397,338896,1675085,1022812,2091485,46316,921542,32915,229600,106912,28064,71645,483178,171313,0,0,4.941666667,676
2015,26.29166667,3628,12.64166667,1746,1955,0,53457,317778,1669991,1012477,2082367,43809,884335,29375,259822,106945,26190,72683,478912,180296,0,0,5.283333333,728
2016,31.65833333,4427,13.64166667,1908,2302,7066,57296,317174,1650183,997570,2047809,42883,844399,24631,282183,110938,23522,73681,453319,192253,0,0,6.183333333,867
2017,54.575,7764,15.08333333,2145,2978,60523,60758,316194,1566731,938690,1925793,41844,783258,18203,290921,111510,21618,70041,395592,192806,1979,34,8.875,1265
2018,63.40833333,9154,14.6,2108,3738,125606,63033,301302,1515295,921954,1841906,41324,742009,13429,305863,112545,19761,66452,350144,190379,29122,530,10.18333333,1473
2019,76.53333333,11170.66667,14.12222222,2060,4536,206889,65817,267536,1434506,877069,1728307,35060,683960,10746,321749,118727,17178,60690,300248,179949,39787,634,10.42222222,1518.666667
